<manifest><control namespace="d365crnr" constructor="DataRangeControl" version="0.0.1" display-name-key="DataRangeControl" description-key="DataRangeControl for D365 and Canvas Apps" control-type="standard" api-version="1.2.1"><property name="startDate" display-name-key="Start Date" description-key="Date Range Control - Start Date" of-type="DateAndTime.DateOnly" usage="bound" required="true" /><property name="endDate" display-name-key="End Date" description-key="Date Range Control - End Date" of-type="DateAndTime.DateOnly" usage="bound" required="true" /><resources><code path="bundle.js" order="1" /></resources><built-by name="pac" version="1.0.6" /></control></manifest>